tempo;Velocidade;Pressaodefreio;;;
0;0,0;0,00;;;
0,1;0,7;0,00;;;
0,2;1,5;0,00;;;
0,3;2,2;0,00;;;
0,4;2,9;0,00;;;
0,5;3,6;0,00;;;
0,6;4,4;0,00;;;
0,7;5,1;0,00;;;
0,8;5,8;0,00;;;
0,9;6,5;0,00;;;
1;7,3;0,00;;;
1,1;8,0;0,00;;;
1,2;8,7;0,00;;;
1,3;9,4;0,00;;;
1,4;10,1;0,00;;;
1,5;10,9;0,00;;;
1,6;11,6;0,00;;;
1,7;12,3;0,00;;;
1,8;13,0;0,00;;;
1,9;13,8;0,00;;;
2;14,5;0,00;;;
2,1;15,2;0,00;;;
2,2;15,9;0,00;;;
2,3;16,7;0,00;;;
2,4;17,4;0,00;;;
2,5;18,1;0,00;;;
2,6;18,8;0,00;;;
2,7;19,6;0,00;;;
2,8;20,3;0,00;;;
2,9;21,0;0,00;;;
3;21,7;0,00;;;
3,1;22,5;0,00;;;
3,2;23,2;0,00;;;
3,3;23,9;0,00;;;
3,4;24,6;0,00;;;
3,5;25,4;0,00;;;
3,6;26,1;0,00;;;
3,7;26,8;0,00;;;
3,8;27,5;0,00;;;
3,9;28,3;0,00;;;
4;29,0;0,00;;;
4,1;29,7;0,00;;;
4,2;30,4;0,00;;;
4,3;31,2;0,00;;;
4,4;31,9;0,00;;;
4,5;32,6;0,00;;;
4,6;33,3;0,00;;;
4,7;34,1;0,00;;;
4,8;34,8;0,00;;;
4,9;35,5;0,00;;;
5;36,2;0,00;;;
5,1;37,0;0,00;;;
5,2;37,7;0,00;;;
5,3;38,4;0,00;;;
5,4;39,1;0,00;;;
5,5;39,9;0,00;;;
5,6;40,6;0,00;;;
5,7;41,3;0,00;;;
5,8;42,0;0,00;;;
5,9;42,8;0,00;;;
6;43,5;0,00;;;
6,1;44,2;0,00;;;
6,2;44,9;0,00;;;
6,3;45,7;0,00;;;
6,4;46,4;0,00;;;
6,5;47,1;0,00;;;
6,6;47,8;0,00;;;
6,7;48,6;0,00;;;
6,8;49,3;0,00;;;
6,9;50,0;0,00;;;
7;50,0;0,00;;;
7,1;49,5;0,05;;;
7,2;49,0;0,10;;;
7,3;48,5;0,15;;;
7,4;48,0;0,20;;;
7,5;47,5;0,25;;;
7,6;47,0;0,30;;;
7,7;46,5;0,35;;;
7,8;46,0;0,40;;;
7,9;45,5;0,45;;;
8;45,0;0,50;;;
8,1;44,4;0,55;;;
8,2;43,9;0,60;;;
8,3;43,4;0,65;;;
8,4;42,9;0,70;;;
8,5;42,4;0,70;;;
8,6;41,9;0,70;;;
8,7;41,4;0,70;;;
8,8;40,9;0,70;;;
8,9;40,4;0,70;;;
9;39,9;0,70;;;
9,1;39,4;0,70;;;
9,2;38,9;0,70;;;
9,3;38,4;0,70;;;
9,4;37,9;0,70;;;
9,5;37,4;0,70;;;
9,6;36,9;0,70;;;
9,7;36,4;0,70;;;
9,8;35,9;0,70;;;
9,9;35,4;0,70;;;
10;34,9;0,70;;;
10,1;34,3;0,70;;;
10,2;33,8;0,70;;;
10,3;33,3;0,70;;;
10,4;32,8;0,70;;;
10,5;32,3;0,70;;;
10,6;31,8;0,70;;;
10,7;31,3;0,70;;;
10,8;30,8;0,70;;;
10,9;30,3;0,70;;;
11;29,8;0,70;;;
11,1;29,3;0,70;;;
11,2;28,8;0,70;;;
11,3;28,3;0,70;;;
11,4;27,8;0,70;;;
11,5;27,3;0,70;;;
11,6;26,8;0,70;;;
11,7;26,3;0,70;;;
11,8;25,8;0,70;;;
11,9;25,3;0,70;;;
12;24,8;0,70;;;
12,1;24,2;0,70;;;
12,2;23,7;0,70;;;
12,3;23,2;0,70;;;
12,4;22,7;0,70;;;
12,5;22,2;0,70;;;
12,6;21,7;0,70;;;
12,7;21,2;0,70;;;
12,8;20,7;0,70;;;
12,9;20,2;0,70;;;
13;19,7;0,70;;;
13,1;19,2;0,70;;;
13,2;18,7;0,70;;;
13,3;18,2;0,70;;;
13,4;17,7;0,70;;;
13,5;17,2;0,70;;;
13,6;16,7;0,70;;;
13,7;16,2;0,70;;;
13,8;15,7;0,70;;;
13,9;15,2;0,70;;;
14;14,7;0,70;;;
14,1;14,1;0,70;;;
14,2;13,6;0,70;;;
14,3;13,1;0,70;;;
14,4;12,6;0,70;;;
14,5;12,1;0,70;;;
14,6;11,6;0,70;;;
14,7;11,1;0,70;;;
14,8;10,6;0,70;;;
14,9;10,1;0,70;;;
15;9,6;0,71;;;
15,1;9,1;0,71;;;
15,2;8,6;0,72;;;
15,3;8,1;0,72;;;
15,4;7,6;0,73;;;
15,5;7,1;0,73;;;
15,6;6,6;0,74;;;
15,7;6,1;0,74;;;
15,8;5,6;0,75;;;
15,9;5,1;0,75;;;
16;4,6;0,76;;;
16,1;4,0;0,76;;;
16,2;3,5;0,77;;;
16,3;3,0;0,77;;;
16,4;2,5;0,78;;;
16,5;2,0;0,78;;;
16,6;1,5;0,79;;;
16,7;1,0;0,79;;;
16,8;0,5;0,80;;;
16,9;0,0;0,80;;;
17;0,0;0,80;;;
17,1;0,0;0,80;;;
17,2;0,0;0,80;;;
17,3;0,0;0,80;;;
17,4;0,0;0,80;;;
17,5;0,0;0,80;;;
17,6;0,0;0,80;;;
17,7;0,0;0,80;;;
17,8;0,0;0,80;;;
17,9;0,0;0,80;;;
18;0,0;0,80;;;
18,1;0,0;0,80;;;
18,2;0,0;0,80;;;
18,3;0,0;0,80;;;
18,4;0,0;0,80;;;
18,5;0,0;0,80;;;
18,6;0,0;0,80;;;
18,7;0,0;0,80;;;
18,8;0,0;0,80;;;
18,9;0,0;0,80;;;
19;0,0;0,80;;;
19,1;0,0;0,80;;;
19,2;0,0;0,80;;;
19,3;0,0;0,80;;;
19,4;0,0;0,80;;;
19,5;0,0;0,80;;;
19,6;0,0;0,80;;;
19,7;0,0;0,80;;;
19,8;0,0;0,80;;;
19,9;0,0;0,80;;;
20;0,0;0,80;;;
20,1;0,0;0,80;;;
20,2;0,0;0,80;;;
20,3;0,0;0,80;;;
20,4;0,0;0,80;;;
20,5;0,0;0,80;;;
20,6;0,0;0,80;;;
20,7;0,0;0,80;;;
20,8;0,0;0,80;;;
20,9;0,0;0,80;;;
21;0,0;0,80;;;
21,1;0,0;0,80;;;
21,2;0,0;0,80;;;
21,3;0,0;0,80;;;
21,4;0,0;0,80;;;
21,5;0,0;0,80;;;
21,6;0,0;0,80;;;
21,7;0,0;0,80;;;
21,8;0,0;0,80;;;
21,9;0,0;0,80;;;
22;0,0;0,80;;;
22,1;0,0;0,80;;;
22,2;0,0;0,80;;;
22,3;0,0;0,80;;;
22,4;0,0;0,80;;;
22,5;0,0;0,80;;;
22,6;0,0;0,80;;;
22,7;0,0;0,80;;;
22,8;0,0;0,80;;;
22,9;0,0;0,80;;;
23;0,0;0,80;;;
23,1;0,0;0,80;;;
23,2;0,0;0,80;;;
23,3;0,0;0,80;;;
23,4;0,0;0,70;;;
23,5;0,0;0,60;;;
23,6;0,0;0,50;;;
23,7;0,0;0,40;;;
23,8;0,0;0,30;;;
23,9;0,0;0,20;;;
24;0,0;0,10;;;
24,1;0,7;0,00;;;
24,2;1,5;0,00;;;
24,3;2,2;0,00;;;
24,4;2,9;0,00;;;
24,5;3,6;0,00;;;
24,6;4,4;0,00;;;
24,7;5,1;0,00;;;
24,8;5,8;0,00;;;
24,9;6,5;0,00;;;
25;7,3;0,00;;;
25,1;8,0;0,00;;;
25,2;8,7;0,00;;;
25,3;9,4;0,00;;;
25,4;10,1;0,00;;;
25,5;10,9;0,00;;;
25,6;11,6;0,00;;;
25,7;12,3;0,00;;;
25,8;13,0;0,00;;;
25,9;13,8;0,00;;;
26;14,5;0,00;;;
26,1;15,2;0,00;;;
26,2;15,9;0,00;;;
26,3;16,7;0,00;;;
26,4;17,4;0,00;;;
26,5;18,1;0,00;;;
26,6;18,8;0,00;;;
26,7;19,6;0,00;;;
26,8;20,3;0,00;;;
26,9;21,0;0,00;;;
27;21,7;0,00;;;
27,1;22,5;0,00;;;
27,2;23,2;0,00;;;
27,3;23,9;0,00;;;
27,4;24,6;0,00;;;
27,5;25,4;0,00;;;
27,6;26,1;0,00;;;
27,7;26,8;0,00;;;
27,8;27,5;0,00;;;
27,9;28,3;0,00;;;
28;29,0;0,00;;;
28,1;29,7;0,00;;;
28,2;30,4;0,00;;;
28,3;31,2;0,00;;;
28,4;31,9;0,00;;;
28,5;32,6;0,00;;;
28,6;33,3;0,00;;;
28,7;34,1;0,00;;;
28,8;34,8;0,00;;;
28,9;35,5;0,00;;;
29;36,2;0,00;;;
29,1;37,0;0,00;;;
29,2;37,7;0,00;;;
29,3;38,4;0,00;;;
29,4;39,1;0,00;;;
29,5;39,9;0,00;;;
29,6;40,6;0,00;;;
29,7;41,3;0,00;;;
29,8;42,0;0,00;;;
29,9;42,8;0,00;;;
30;43,5;0,00;;;
30,1;44,2;0,00;;;
30,2;44,9;0,00;;;
30,3;45,7;0,00;;;
30,4;46,4;0,00;;;
30,5;47,1;0,00;;;
30,6;47,8;0,00;;;
30,7;48,6;0,00;;;
30,8;49,3;0,00;;;
30,9;50,0;0,00;;;
31;50,0;0,00;;;
31,1;49,5;0,05;;;
31,2;49,0;0,10;;;
31,3;48,5;0,15;;;
31,4;48,0;0,20;;;
31,5;47,5;0,25;;;
31,6;47,0;0,30;;;
31,7;46,5;0,35;;;
31,8;46,0;0,40;;;
31,9;45,5;0,45;;;
32;45,0;0,50;;;
32,1;44,4;0,55;;;
32,2;43,9;0,60;;;
32,3;43,4;0,65;;;
32,4;42,9;0,70;;;
32,5;42,4;0,70;;;
32,6;41,9;0,70;;;
32,7;41,4;0,70;;;
32,8;40,9;0,70;;;
32,9;40,4;0,70;;;
33;39,9;0,70;;;
33,1;39,4;0,70;;;
33,2;38,9;0,70;;;
33,3;38,4;0,70;;;
33,4;37,9;0,70;;;
33,5;37,4;0,70;;;
33,6;36,9;0,70;;;
33,7;36,4;0,70;;;
33,8;35,9;0,70;;;
33,9;35,4;0,70;;;
34;34,9;0,70;;;
34,1;34,3;0,70;;;
34,2;33,8;0,70;;;
34,3;33,3;0,70;;;
34,4;32,8;0,70;;;
34,5;32,3;0,70;;;
34,6;31,8;0,70;;;
34,7;31,3;0,70;;;
34,8;30,8;0,70;;;
34,9;30,3;0,70;;;
35;29,8;0,70;;;
35,1;29,3;0,70;;;
35,2;28,8;0,70;;;
35,3;28,3;0,70;;;
35,4;27,8;0,70;;;
35,5;27,3;0,70;;;
35,6;26,8;0,70;;;
35,7;26,3;0,70;;;
35,8;25,8;0,70;;;
35,9;25,3;0,70;;;
36;24,8;0,70;;;
36,1;24,2;0,70;;;
36,2;23,7;0,70;;;
36,3;23,2;0,70;;;
36,4;22,7;0,70;;;
36,5;22,2;0,70;;;
36,6;21,7;0,70;;;
36,7;21,2;0,70;;;
36,8;20,7;0,70;;;
36,9;20,2;0,70;;;
37;19,7;0,70;;;
37,1;19,2;0,70;;;
37,2;18,7;0,70;;;
37,3;18,2;0,70;;;
37,4;17,7;0,70;;;
37,5;17,2;0,70;;;
37,6;16,7;0,70;;;
37,7;16,2;0,70;;;
37,8;15,7;0,70;;;
37,9;15,2;0,70;;;
38;14,7;0,70;;;
38,1;14,1;0,70;;;
38,2;13,6;0,70;;;
38,3;13,1;0,70;;;
38,4;12,6;0,70;;;
38,5;12,1;0,70;;;
38,6;11,6;0,70;;;
38,7;11,1;0,70;;;
38,8;10,6;0,70;;;
38,9;10,1;0,70;;;
39;9,6;0,71;;;
39,1;9,1;0,71;;;
39,2;8,6;0,72;;;
39,3;8,1;0,72;;;
39,4;7,6;0,73;;;
39,5;7,1;0,73;;;
39,6;6,6;0,74;;;
39,7;6,1;0,74;;;
39,8;5,6;0,75;;;
39,9;5,1;0,75;;;
40;4,6;0,76;;;
40,1;4,0;0,76;;;
40,2;3,5;0,77;;;
40,3;3,0;0,77;;;
40,4;2,5;0,78;;;
40,5;2,0;0,78;;;
40,6;1,5;0,79;;;
40,7;1,0;0,79;;;
40,8;0,5;0,80;;;
40,9;0,0;0,80;;;
41;0,0;0,80;;;
41,1;0,0;0,80;;;
41,2;0,0;0,80;;;
41,3;0,0;0,80;;;
41,4;0,0;0,80;;;
41,5;0,0;0,80;;;
41,6;0,0;0,80;;;
41,7;0,0;0,80;;;
41,8;0,0;0,80;;;
41,9;0,0;0,80;;;
42;0,0;0,80;;;
42,1;0,0;0,80;;;
42,2;0,0;0,80;;;
42,3;0,0;0,80;;;
42,4;0,0;0,80;;;
42,5;0,0;0,80;;;
42,6;0,0;0,80;;;
42,7;0,0;0,80;;;
42,8;0,0;0,80;;;
42,9;0,0;0,80;;;
43;0,0;0,80;;;
43,1;0,0;0,80;;;
43,2;0,0;0,80;;;
43,3;0,0;0,80;;;
43,4;0,0;0,80;;;
43,5;0,0;0,80;;;
43,6;0,0;0,80;;;
43,7;0,0;0,80;;;
43,8;0,0;0,80;;;
43,9;0,0;0,80;;;
44;0,0;0,80;;;
44,1;0,0;0,80;;;
44,2;0,0;0,80;;;
44,3;0,0;0,80;;;
44,4;0,0;0,80;;;
44,5;0,0;0,80;;;
44,6;0,0;0,80;;;
44,7;0,0;0,80;;;
44,8;0,0;0,80;;;
44,9;0,0;0,80;;;
45;0,0;0,80;;;
45,1;0,0;0,80;;;
45,2;0,0;0,80;;;
45,3;0,0;0,80;;;
45,4;0,0;0,80;;;
45,5;0,0;0,80;;;
45,6;0,0;0,80;;;
45,7;0,0;0,80;;;
45,8;0,0;0,80;;;
45,9;0,0;0,80;;;
46;0,0;0,80;;;
46,1;0,0;0,80;;;
46,2;0,0;0,80;;;
46,3;0,0;0,80;;;
46,4;0,0;0,80;;;
46,5;0,0;0,80;;;
46,6;0,0;0,80;;;
46,7;0,0;0,80;;;
46,8;0,0;0,80;;;
46,9;0,0;0,80;;;
47;0,0;0,80;;;
47,1;0,0;0,80;;;
47,2;0,0;0,80;;;
47,3;0,0;0,80;;;
47,4;0,0;0,70;;;
47,5;0,0;0,60;;;
47,6;0,0;0,50;;;
47,7;0,0;0,40;;;
47,8;0,0;0,30;;;
47,9;0,0;0,20;;;
48;0,0;0,10;;;
48,1;0,7;0,00;;;
48,2;1,5;0,00;;;
48,3;2,2;0,00;;;
48,4;2,9;0,00;;;
48,5;3,6;0,00;;;
48,6;4,4;0,00;;;
48,7;5,1;0,00;;;
48,8;5,8;0,00;;;
48,9;6,5;0,00;;;
49;7,3;0,00;;;
49,1;8,0;0,00;;;
49,2;8,7;0,00;;;
49,3;9,4;0,00;;;
49,4;10,1;0,00;;;
49,5;10,9;0,00;;;
49,6;11,6;0,00;;;
49,7;12,3;0,00;;;
49,8;13,0;0,00;;;
49,9;13,8;0,00;;;
50;14,5;0,00;;;
50,1;15,2;0,00;;;
50,2;15,9;0,00;;;
50,3;16,7;0,00;;;
50,4;17,4;0,00;;;
50,5;18,1;0,00;;;
50,6;18,8;0,00;;;
50,7;19,6;0,00;;;
50,8;20,3;0,00;;;
50,9;21,0;0,00;;;
51;21,7;0,00;;;
51,1;22,5;0,00;;;
51,2;23,2;0,00;;;
51,3;23,9;0,00;;;
51,4;24,6;0,00;;;
51,5;25,4;0,00;;;
51,6;26,1;0,00;;;
51,7;26,8;0,00;;;
51,8;27,5;0,00;;;
51,9;28,3;0,00;;;
52;29,0;0,00;;;
52,1;29,7;0,00;;;
52,2;30,4;0,00;;;
52,3;31,2;0,00;;;
52,4;31,9;0,00;;;
52,5;32,6;0,00;;;
52,6;33,3;0,00;;;
52,7;34,1;0,00;;;
52,8;34,8;0,00;;;
52,9;35,5;0,00;;;
53;36,2;0,00;;;
53,1;37,0;0,00;;;
53,2;37,7;0,00;;;
53,3;38,4;0,00;;;
53,4;39,1;0,00;;;
53,5;39,9;0,00;;;
53,6;40,6;0,00;;;
53,7;41,3;0,00;;;
53,8;42,0;0,00;;;
53,9;42,8;0,00;;;
54;43,5;0,00;;;
54,1;44,2;0,00;;;
54,2;44,9;0,00;;;
54,3;45,7;0,00;;;
54,4;46,4;0,00;;;
54,5;47,1;0,00;;;
54,6;47,8;0,00;;;
54,7;48,6;0,00;;;
54,8;49,3;0,00;;;
54,9;50,0;0,00;;;
55;50,0;0,00;;;
55,1;49,5;0,05;;;
55,2;49,0;0,10;;;
55,3;48,5;0,15;;;
55,4;48,0;0,20;;;
55,5;47,5;0,25;;;
55,6;47,0;0,30;;;
55,7;46,5;0,35;;;
55,8;46,0;0,40;;;
55,9;45,5;0,45;;;
56;45,0;0,50;;;
56,1;44,4;0,55;;;
56,2;43,9;0,60;;;
56,3;43,4;0,65;;;
56,4;42,9;0,70;;;
56,5;42,4;0,70;;;
56,6;41,9;0,70;;;
56,7;41,4;0,70;;;
56,8;40,9;0,70;;;
56,9;40,4;0,70;;;
57;39,9;0,70;;;
57,1;39,4;0,70;;;
57,2;38,9;0,70;;;
57,3;38,4;0,70;;;
57,4;37,9;0,70;;;
57,5;37,4;0,70;;;
57,6;36,9;0,70;;;
57,7;36,4;0,70;;;
57,8;35,9;0,70;;;
57,9;35,4;0,70;;;
58;34,9;0,70;;;
58,1;34,3;0,70;;;
58,2;33,8;0,70;;;
58,3;33,3;0,70;;;
58,4;32,8;0,70;;;
58,5;32,3;0,70;;;
58,6;31,8;0,70;;;
58,7;31,3;0,70;;;
58,8;30,8;0,70;;;
58,9;30,3;0,70;;;
59;29,8;0,70;;;
59,1;29,3;0,70;;;
59,2;28,8;0,70;;;
59,3;28,3;0,70;;;
59,4;27,8;0,70;;;
59,5;27,3;0,70;;;
59,6;26,8;0,70;;;
59,7;26,3;0,70;;;
59,8;25,8;0,70;;;
59,9;25,3;0,70;;;
60;24,8;0,70;;;
60,1;24,2;0,70;;;
60,2;23,7;0,70;;;
60,3;23,2;0,70;;;
60,4;22,7;0,70;;;
60,5;22,2;0,70;;;
60,6;21,7;0,70;;;
60,7;21,2;0,70;;;
60,8;20,7;0,70;;;
60,9;20,2;0,70;;;
61;19,7;0,70;;;
61,1;19,2;0,70;;;
61,2;18,7;0,70;;;
61,3;18,2;0,70;;;
61,4;17,7;0,70;;;
61,5;17,2;0,70;;;
61,6;16,7;0,70;;;
61,7;16,2;0,70;;;
61,8;15,7;0,70;;;
61,9;15,2;0,70;;;
62;14,7;0,70;;;
62,1;14,1;0,70;;;
62,2;13,6;0,70;;;
62,3;13,1;0,70;;;
62,4;12,6;0,70;;;
62,5;12,1;0,70;;;
62,6;11,6;0,70;;;
62,7;11,1;0,70;;;
62,8;10,6;0,70;;;
62,9;10,1;0,70;;;
63;9,6;0,71;;;
63,1;9,1;0,71;;;
63,2;8,6;0,72;;;
63,3;8,1;0,72;;;
63,4;7,6;0,73;;;
63,5;7,1;0,73;;;
63,6;6,6;0,74;;;
63,7;6,1;0,74;;;
63,8;5,6;0,75;;;
63,9;5,1;0,75;;;
64;4,6;0,76;;;
64,1;4,0;0,76;;;
64,2;3,5;0,77;;;
64,3;3,0;0,77;;;
64,4;2,5;0,78;;;
64,5;2,0;0,78;;;
64,6;1,5;0,79;;;
64,7;1,0;0,79;;;
64,8;0,5;0,80;;;
64,9;0,0;0,80;;;
65;0,0;0,80;;;
65,1;0,0;0,80;;;
65,2;0,0;0,80;;;
65,3;0,0;0,80;;;
65,4;0,0;0,80;;;
65,5;0,0;0,80;;;
65,6;0,0;0,80;;;
65,7;0,0;0,80;;;
65,8;0,0;0,80;;;
65,9;0,0;0,80;;;
66;0,0;0,80;;;
66,1;0,0;0,80;;;
66,2;0,0;0,80;;;
66,3;0,0;0,80;;;
66,4;0,0;0,80;;;
66,5;0,0;0,80;;;
66,6;0,0;0,80;;;
66,7;0,0;0,80;;;
66,8;0,0;0,80;;;
66,9;0,0;0,80;;;
67;0,0;0,80;;;
67,1;0,0;0,80;;;
67,2;0,0;0,80;;;
67,3;0,0;0,80;;;
67,4;0,0;0,80;;;
67,5;0,0;0,80;;;
67,6;0,0;0,80;;;
67,7;0,0;0,80;;;
67,8;0,0;0,80;;;
67,9;0,0;0,80;;;
68;0,0;0,80;;;
68,1;0,0;0,80;;;
68,2;0,0;0,80;;;
68,3;0,0;0,80;;;
68,4;0,0;0,80;;;
68,5;0,0;0,80;;;
68,6;0,0;0,80;;;
68,7;0,0;0,80;;;
68,8;0,0;0,80;;;
68,9;0,0;0,80;;;
69;0,0;0,80;;;
69,1;0,0;0,80;;;
69,2;0,0;0,80;;;
69,3;0,0;0,80;;;
69,4;0,0;0,80;;;
69,5;0,0;0,80;;;
69,6;0,0;0,80;;;
69,7;0,0;0,80;;;
69,8;0,0;0,80;;;
69,9;0,0;0,80;;;
70;0,0;0,80;;;
70,1;0,0;0,80;;;
70,2;0,0;0,80;;;
70,3;0,0;0,80;;;
70,4;0,0;0,80;;;
70,5;0,0;0,80;;;
70,6;0,0;0,80;;;
70,7;0,0;0,80;;;
70,8;0,0;0,80;;;
70,9;0,0;0,80;;;
71;0,0;0,80;;;
71,1;0,0;0,80;;;
71,2;0,0;0,80;;;
71,3;0,0;0,80;;;
71,4;0,0;0,70;;;
71,5;0,0;0,60;;;
71,6;0,0;0,50;;;
71,7;0,0;0,40;;;
71,8;0,0;0,30;;;
71,9;0,0;0,20;;;
72;0,0;0,10;;;
72,1;0,7;0,00;;;
72,2;1,5;0,00;;;
72,3;2,2;0,00;;;
72,4;2,9;0,00;;;
72,5;3,6;0,00;;;
72,6;4,4;0,00;;;
72,7;5,1;0,00;;;
72,8;5,8;0,00;;;
72,9;6,5;0,00;;;
73;7,3;0,00;;;
73,1;8,0;0,00;;;
73,2;8,7;0,00;;;
73,3;9,4;0,00;;;
73,4;10,1;0,00;;;
73,5;10,9;0,00;;;
73,6;11,6;0,00;;;
73,7;12,3;0,00;;;
73,8;13,0;0,00;;;
73,9;13,8;0,00;;;
74;14,5;0,00;;;
74,1;15,2;0,00;;;
74,2;15,9;0,00;;;
74,3;16,7;0,00;;;
74,4;17,4;0,00;;;
74,5;18,1;0,00;;;
74,6;18,8;0,00;;;
74,7;19,6;0,00;;;
74,8;20,3;0,00;;;
74,9;21,0;0,00;;;
75;21,7;0,00;;;
75,1;22,5;0,00;;;
75,2;23,2;0,00;;;
75,3;23,9;0,00;;;
75,4;24,6;0,00;;;
75,5;25,4;0,00;;;
75,6;26,1;0,00;;;
75,7;26,8;0,00;;;
75,8;27,5;0,00;;;
75,9;28,3;0,00;;;
76;29,0;0,00;;;
76,1;29,7;0,00;;;
76,2;30,4;0,00;;;
76,3;31,2;0,00;;;
76,4;31,9;0,00;;;
76,5;32,6;0,00;;;
76,6;33,3;0,00;;;
76,7;34,1;0,00;;;
76,8;34,8;0,00;;;
76,9;35,5;0,00;;;
77;36,2;0,00;;;
77,1;37,0;0,00;;;
77,2;37,7;0,00;;;
77,3;38,4;0,00;;;
77,4;39,1;0,00;;;
77,5;39,9;0,00;;;
77,6;40,6;0,00;;;
77,7;41,3;0,00;;;
77,8;42,0;0,00;;;
77,9;42,8;0,00;;;
78;43,5;0,00;;;
78,1;44,2;0,00;;;
78,2;44,9;0,00;;;
78,3;45,7;0,00;;;
78,4;46,4;0,00;;;
78,5;47,1;0,00;;;
78,6;47,8;0,00;;;
78,7;48,6;0,00;;;
78,8;49,3;0,00;;;
78,9;50,0;0,00;;;
79;50,0;0,00;;;
79,1;49,5;0,05;;;
79,2;49,0;0,10;;;
79,3;48,5;0,15;;;
79,4;48,0;0,20;;;
79,5;47,5;0,25;;;
79,6;47,0;0,30;;;
79,7;46,5;0,35;;;
79,8;46,0;0,40;;;
79,9;45,5;0,45;;;
80;45,0;0,50;;;
80,1;44,4;0,55;;;
80,2;43,9;0,60;;;
80,3;43,4;0,65;;;
80,4;42,9;0,70;;;
80,5;42,4;0,70;;;
80,6;41,9;0,70;;;
80,7;41,4;0,70;;;
80,8;40,9;0,70;;;
80,9;40,4;0,70;;;
81;39,9;0,70;;;
81,1;39,4;0,70;;;
81,2;38,9;0,70;;;
81,3;38,4;0,70;;;
81,4;37,9;0,70;;;
81,5;37,4;0,70;;;
81,6;36,9;0,70;;;
81,7;36,4;0,70;;;
81,8;35,9;0,70;;;
81,9;35,4;0,70;;;
82;34,9;0,70;;;
82,1;34,3;0,70;;;
82,2;33,8;0,70;;;
82,3;33,3;0,70;;;
82,4;32,8;0,70;;;
82,5;32,3;0,70;;;
82,6;31,8;0,70;;;
82,7;31,3;0,70;;;
82,8;30,8;0,70;;;
82,9;30,3;0,70;;;
83;29,8;0,70;;;
83,1;29,3;0,70;;;
83,2;28,8;0,70;;;
83,3;28,3;0,70;;;
83,4;27,8;0,70;;;
83,5;27,3;0,70;;;
83,6;26,8;0,70;;;
83,7;26,3;0,70;;;
83,8;25,8;0,70;;;
83,9;25,3;0,70;;;
84;24,8;0,70;;;
84,1;24,2;0,70;;;
84,2;23,7;0,70;;;
84,3;23,2;0,70;;;
84,4;22,7;0,70;;;
84,5;22,2;0,70;;;
84,6;21,7;0,70;;;
84,7;21,2;0,70;;;
84,8;20,7;0,70;;;
84,9;20,2;0,70;;;
85;19,7;0,70;;;
85,1;19,2;0,70;;;
85,2;18,7;0,70;;;
85,3;18,2;0,70;;;
85,4;17,7;0,70;;;
85,5;17,2;0,70;;;
85,6;16,7;0,70;;;
85,7;16,2;0,70;;;
85,8;15,7;0,70;;;
85,9;15,2;0,70;;;
86;14,7;0,70;;;
86,1;14,1;0,70;;;
86,2;13,6;0,70;;;
86,3;13,1;0,70;;;
86,4;12,6;0,70;;;
86,5;12,1;0,70;;;
86,6;11,6;0,70;;;
86,7;11,1;0,70;;;
86,8;10,6;0,70;;;
86,9;10,1;0,70;;;
87;9,6;0,71;;;
87,1;9,1;0,71;;;
87,2;8,6;0,72;;;
87,3;8,1;0,72;;;
87,4;7,6;0,73;;;
87,5;7,1;0,73;;;
87,6;6,6;0,74;;;
87,7;6,1;0,74;;;
87,8;5,6;0,75;;;
87,9;5,1;0,75;;;
88;4,6;0,76;;;
88,1;4,0;0,76;;;
88,2;3,5;0,77;;;
88,3;3,0;0,77;;;
88,4;2,5;0,78;;;
88,5;2,0;0,78;;;
88,6;1,5;0,79;;;
88,7;1,0;0,79;;;
88,8;0,5;0,80;;;
88,9;0,0;0,80;;;
89;0,0;0,80;;;
89,1;0,0;0,80;;;
89,2;0,0;0,80;;;
89,3;0,0;0,80;;;
89,4;0,0;0,80;;;
89,5;0,0;0,80;;;
89,6;0,0;0,80;;;
89,7;0,0;0,80;;;
89,8;0,0;0,80;;;
89,9;0,0;0,80;;;
90;0,0;0,80;;;
90,1;0,0;0,80;;;
90,2;0,0;0,80;;;
90,3;0,0;0,80;;;
90,4;0,0;0,80;;;
90,5;0,0;0,80;;;
90,6;0,0;0,80;;;
90,7;0,0;0,80;;;
90,8;0,0;0,80;;;
90,9;0,0;0,80;;;
91;0,0;0,80;;;
91,1;0,0;0,80;;;
91,2;0,0;0,80;;;
91,3;0,0;0,80;;;
91,4;0,0;0,80;;;
91,5;0,0;0,80;;;
91,6;0,0;0,80;;;
91,7;0,0;0,80;;;
91,8;0,0;0,80;;;
91,9;0,0;0,80;;;
92;0,0;0,80;;;
92,1;0,0;0,80;;;
92,2;0,0;0,80;;;
92,3;0,0;0,80;;;
92,4;0,0;0,80;;;
92,5;0,0;0,80;;;
92,6;0,0;0,80;;;
92,7;0,0;0,80;;;
92,8;0,0;0,80;;;
92,9;0,0;0,80;;;
93;0,0;0,80;;;
93,1;0,0;0,80;;;
93,2;0,0;0,80;;;
93,3;0,0;0,80;;;
93,4;0,0;0,80;;;
93,5;0,0;0,80;;;
93,6;0,0;0,80;;;
93,7;0,0;0,80;;;
93,8;0,0;0,80;;;
93,9;0,0;0,80;;;
94;0,0;0,80;;;
94,1;0,0;0,80;;;
94,2;0,0;0,80;;;
94,3;0,0;0,80;;;
94,4;0,0;0,80;;;
94,5;0,0;0,80;;;
94,6;0,0;0,80;;;
94,7;0,0;0,80;;;
94,8;0,0;0,80;;;
94,9;0,0;0,80;;;
95;0,0;0,80;;;
95,1;0,0;0,80;;;
95,2;0,0;0,80;;;
95,3;0,0;0,80;;;
95,4;0,0;0,70;;;
95,5;0,0;0,60;;;
95,6;0,0;0,50;;;
95,7;0,0;0,40;;;
95,8;0,0;0,30;;;
95,9;0,0;0,20;;;
96;0,0;0,10;;;
96,1;0,7;0,00;;;
96,2;1,5;0,00;;;
96,3;2,2;0,00;;;
96,4;2,9;0,00;;;
96,5;3,6;0,00;;;
96,6;4,4;0,00;;;
96,7;5,1;0,00;;;
96,8;5,8;0,00;;;
96,9;6,5;0,00;;;
97;7,3;0,00;;;
97,1;8,0;0,00;;;
97,2;8,7;0,00;;;
97,3;9,4;0,00;;;
97,4;10,1;0,00;;;
97,5;10,9;0,00;;;
97,6;11,6;0,00;;;
97,7;12,3;0,00;;;
97,8;13,0;0,00;;;
97,9;13,8;0,00;;;
98;14,5;0,00;;;
98,1;15,2;0,00;;;
98,2;15,9;0,00;;;
98,3;16,7;0,00;;;
98,4;17,4;0,00;;;
98,5;18,1;0,00;;;
98,6;18,8;0,00;;;
98,7;19,6;0,00;;;
98,8;20,3;0,00;;;
98,9;21,0;0,00;;;
99;21,7;0,00;;;
99,1;22,5;0,00;;;
99,2;23,2;0,00;;;
99,3;23,9;0,00;;;
99,4;24,6;0,00;;;
99,5;25,4;0,00;;;
99,6;26,1;0,00;;;
99,7;26,8;0,00;;;
99,8;27,5;0,00;;;
99,9;28,3;0,00;;;
100;29,0;0,00;;;
100,1;29,7;0,00;;;
100,2;30,4;0,00;;;
100,3;31,2;0,00;;;
100,4;31,9;0,00;;;
100,5;32,6;0,00;;;
100,6;33,3;0,00;;;
100,7;34,1;0,00;;;
100,8;34,8;0,00;;;
100,9;35,5;0,00;;;
101;36,2;0,00;;;
101,1;37,0;0,00;;;
101,2;37,7;0,00;;;
101,3;38,4;0,00;;;
101,4;39,1;0,00;;;
101,5;39,9;0,00;;;
101,6;40,6;0,00;;;
101,7;41,3;0,00;;;
101,8;42,0;0,00;;;
101,9;42,8;0,00;;;
102;43,5;0,00;;;
102,1;44,2;0,00;;;
102,2;44,9;0,00;;;
102,3;45,7;0,00;;;
102,4;46,4;0,00;;;
102,5;47,1;0,00;;;
102,6;47,8;0,00;;;
102,7;48,6;0,00;;;
102,8;49,3;0,00;;;
102,9;50,0;0,00;;;
103;50,0;0,00;;;
103,1;49,5;0,05;;;
103,2;49,0;0,10;;;
103,3;48,5;0,15;;;
103,4;48,0;0,20;;;
103,5;47,5;0,25;;;
103,6;47,0;0,30;;;
103,7;46,5;0,35;;;
103,8;46,0;0,40;;;
103,9;45,5;0,45;;;
104;45,0;0,50;;;
104,1;44,4;0,55;;;
104,2;43,9;0,60;;;
104,3;43,4;0,65;;;
104,4;42,9;0,70;;;
104,5;42,4;0,70;;;
104,6;41,9;0,70;;;
104,7;41,4;0,70;;;
104,8;40,9;0,70;;;
104,9;40,4;0,70;;;
105;39,9;0,70;;;
105,1;39,4;0,70;;;
105,2;38,9;0,70;;;
105,3;38,4;0,70;;;
105,4;37,9;0,70;;;
105,5;37,4;0,70;;;
105,6;36,9;0,70;;;
105,7;36,4;0,70;;;
105,8;35,9;0,70;;;
105,9;35,4;0,70;;;
106;34,9;0,70;;;
106,1;34,3;0,70;;;
106,2;33,8;0,70;;;
106,3;33,3;0,70;;;
106,4;32,8;0,70;;;
106,5;32,3;0,70;;;
106,6;31,8;0,70;;;
106,7;31,3;0,70;;;
106,8;30,8;0,70;;;
106,9;30,3;0,70;;;
107;29,8;0,70;;;
107,1;29,3;0,70;;;
107,2;28,8;0,70;;;
107,3;28,3;0,70;;;
107,4;27,8;0,70;;;
107,5;27,3;0,70;;;
107,6;26,8;0,70;;;
107,7;26,3;0,70;;;
107,8;25,8;0,70;;;
107,9;25,3;0,70;;;
108;24,8;0,70;;;
108,1;24,2;0,70;;;
108,2;23,7;0,70;;;
108,3;23,2;0,70;;;
108,4;22,7;0,70;;;
108,5;22,2;0,70;;;
108,6;21,7;0,70;;;
108,7;21,2;0,70;;;
108,8;20,7;0,70;;;
108,9;20,2;0,70;;;
109;19,7;0,70;;;
109,1;19,2;0,70;;;
109,2;18,7;0,70;;;
109,3;18,2;0,70;;;
109,4;17,7;0,70;;;
109,5;17,2;0,70;;;
109,6;16,7;0,70;;;
109,7;16,2;0,70;;;
109,8;15,7;0,70;;;
109,9;15,2;0,70;;;
110;14,7;0,70;;;
110,1;14,1;0,70;;;
110,2;13,6;0,70;;;
110,3;13,1;0,70;;;
110,4;12,6;0,70;;;
110,5;12,1;0,70;;;
110,6;11,6;0,70;;;
110,7;11,1;0,70;;;
110,8;10,6;0,70;;;
110,9;10,1;0,70;;;
111;9,6;0,71;;;
111,1;9,1;0,71;;;
111,2;8,6;0,72;;;
111,3;8,1;0,72;;;
111,4;7,6;0,73;;;
111,5;7,1;0,73;;;
111,6;6,6;0,74;;;
111,7;6,1;0,74;;;
111,8;5,6;0,75;;;
111,9;5,1;0,75;;;
112;4,6;0,76;;;
112,1;4,0;0,76;;;
112,2;3,5;0,77;;;
112,3;3,0;0,77;;;
112,4;2,5;0,78;;;
112,5;2,0;0,78;;;
112,6;1,5;0,79;;;
112,7;1,0;0,79;;;
112,8;0,5;0,80;;;
112,9;0,0;0,80;;;
113;0,0;0,80;;;
113,1;0,0;0,80;;;
113,2;0,0;0,80;;;
113,3;0,0;0,80;;;
113,4;0,0;0,80;;;
113,5;0,0;0,80;;;
113,6;0,0;0,80;;;
113,7;0,0;0,80;;;
113,8;0,0;0,80;;;
113,9;0,0;0,80;;;
114;0,0;0,80;;;
114,1;0,0;0,80;;;
114,2;0,0;0,80;;;
114,3;0,0;0,80;;;
114,4;0,0;0,80;;;
114,5;0,0;0,80;;;
114,6;0,0;0,80;;;
114,7;0,0;0,80;;;
114,8;0,0;0,80;;;
114,9;0,0;0,80;;;
115;0,0;0,80;;;
115,1;0,0;0,80;;;
115,2;0,0;0,80;;;
115,3;0,0;0,80;;;
115,4;0,0;0,80;;;
115,5;0,0;0,80;;;
115,6;0,0;0,80;;;
115,7;0,0;0,80;;;
115,8;0,0;0,80;;;
115,9;0,0;0,80;;;
116;0,0;0,80;;;
116,1;0,0;0,80;;;
116,2;0,0;0,80;;;
116,3;0,0;0,80;;;
116,4;0,0;0,80;;;
116,5;0,0;0,80;;;
116,6;0,0;0,80;;;
116,7;0,0;0,80;;;
116,8;0,0;0,80;;;
116,9;0,0;0,80;;;
117;0,0;0,80;;;
117,1;0,0;0,80;;;
117,2;0,0;0,80;;;
117,3;0,0;0,80;;;
117,4;0,0;0,80;;;
117,5;0,0;0,80;;;
117,6;0,0;0,80;;;
117,7;0,0;0,80;;;
117,8;0,0;0,80;;;
117,9;0,0;0,80;;;
118;0,0;0,80;;;
118,1;0,0;0,80;;;
118,2;0,0;0,80;;;
118,3;0,0;0,80;;;
118,4;0,0;0,80;;;
118,5;0,0;0,80;;;
118,6;0,0;0,80;;;
118,7;0,0;0,80;;;
118,8;0,0;0,80;;;
118,9;0,0;0,80;;;
119;0,0;0,80;;;
119,1;0,0;0,80;;;
119,2;0,0;0,80;;;
119,3;0,0;0,80;;;
119,4;0,0;0,70;;;
119,5;0,0;0,60;;;
119,6;0,0;0,50;;;
119,7;0,0;0,40;;;
119,8;0,0;0,30;;;
119,9;0,0;0,20;;;
120;0,0;0,10;;;
120,1;0,7;0,00;;;
120,2;1,5;0,00;;;
120,3;2,2;0,00;;;
120,4;2,9;0,00;;;
120,5;3,6;0,00;;;
120,6;4,4;0,00;;;
120,7;5,1;0,00;;;
120,8;5,8;0,00;;;
120,9;6,5;0,00;;;
121;7,3;0,00;;;
121,1;8,0;0,00;;;
121,2;8,7;0,00;;;
121,3;9,4;0,00;;;
121,4;10,1;0,00;;;
121,5;10,9;0,00;;;
121,6;11,6;0,00;;;
121,7;12,3;0,00;;;
121,8;13,0;0,00;;;
121,9;13,8;0,00;;;
122;14,5;0,00;;;
122,1;15,2;0,00;;;
122,2;15,9;0,00;;;
122,3;16,7;0,00;;;
122,4;17,4;0,00;;;
122,5;18,1;0,00;;;
122,6;18,8;0,00;;;
122,7;19,6;0,00;;;
122,8;20,3;0,00;;;
122,9;21,0;0,00;;;
123;21,7;0,00;;;
123,1;22,5;0,00;;;
123,2;23,2;0,00;;;
123,3;23,9;0,00;;;
123,4;24,6;0,00;;;
123,5;25,4;0,00;;;
123,6;26,1;0,00;;;
123,7;26,8;0,00;;;
123,8;27,5;0,00;;;
123,9;28,3;0,00;;;
124;29,0;0,00;;;
124,1;29,7;0,00;;;
124,2;30,4;0,00;;;
124,3;31,2;0,00;;;
124,4;31,9;0,00;;;
124,5;32,6;0,00;;;
124,6;33,3;0,00;;;
124,7;34,1;0,00;;;
124,8;34,8;0,00;;;
124,9;35,5;0,00;;;
125;36,2;0,00;;;
125,1;37,0;0,00;;;
125,2;37,7;0,00;;;
125,3;38,4;0,00;;;
125,4;39,1;0,00;;;
125,5;39,9;0,00;;;
125,6;40,6;0,00;;;
125,7;41,3;0,00;;;
125,8;42,0;0,00;;;
125,9;42,8;0,00;;;
126;43,5;0,00;;;
126,1;44,2;0,00;;;
126,2;44,9;0,00;;;
126,3;45,7;0,00;;;
126,4;46,4;0,00;;;
126,5;47,1;0,00;;;
126,6;47,8;0,00;;;
126,7;48,6;0,00;;;
126,8;49,3;0,00;;;
126,9;50,0;0,00;;;
127;50,0;0,00;;;
127,1;49,5;0,05;;;
127,2;49,0;0,10;;;
127,3;48,5;0,15;;;
127,4;48,0;0,20;;;
127,5;47,5;0,25;;;
127,6;47,0;0,30;;;
127,7;46,5;0,35;;;
127,8;46,0;0,40;;;
127,9;45,5;0,45;;;
128;45,0;0,50;;;
128,1;44,4;0,55;;;
128,2;43,9;0,60;;;
128,3;43,4;0,65;;;
128,4;42,9;0,70;;;
128,5;42,4;0,70;;;
128,6;41,9;0,70;;;
128,7;41,4;0,70;;;
128,8;40,9;0,70;;;
128,9;40,4;0,70;;;
129;39,9;0,70;;;
129,1;39,4;0,70;;;
129,2;38,9;0,70;;;
129,3;38,4;0,70;;;
129,4;37,9;0,70;;;
129,5;37,4;0,70;;;
129,6;36,9;0,70;;;
129,7;36,4;0,70;;;
129,8;35,9;0,70;;;
129,9;35,4;0,70;;;
130;34,9;0,70;;;
130,1;34,3;0,70;;;
130,2;33,8;0,70;;;
130,3;33,3;0,70;;;
130,4;32,8;0,70;;;
130,5;32,3;0,70;;;
130,6;31,8;0,70;;;
130,7;31,3;0,70;;;
130,8;30,8;0,70;;;
130,9;30,3;0,70;;;
131;29,8;0,70;;;
131,1;29,3;0,70;;;
131,2;28,8;0,70;;;
131,3;28,3;0,70;;;
131,4;27,8;0,70;;;
131,5;27,3;0,70;;;
131,6;26,8;0,70;;;
131,7;26,3;0,70;;;
131,8;25,8;0,70;;;
131,9;25,3;0,70;;;
132;24,8;0,70;;;
132,1;24,2;0,70;;;
132,2;23,7;0,70;;;
132,3;23,2;0,70;;;
132,4;22,7;0,70;;;
132,5;22,2;0,70;;;
132,6;21,7;0,70;;;
132,7;21,2;0,70;;;
132,8;20,7;0,70;;;
132,9;20,2;0,70;;;
133;19,7;0,70;;;
133,1;19,2;0,70;;;
133,2;18,7;0,70;;;
133,3;18,2;0,70;;;
133,4;17,7;0,70;;;
133,5;17,2;0,70;;;
133,6;16,7;0,70;;;
133,7;16,2;0,70;;;
133,8;15,7;0,70;;;
133,9;15,2;0,70;;;
134;14,7;0,70;;;
134,1;14,1;0,70;;;
134,2;13,6;0,70;;;
134,3;13,1;0,70;;;
134,4;12,6;0,70;;;
134,5;12,1;0,70;;;
134,6;11,6;0,70;;;
134,7;11,1;0,70;;;
134,8;10,6;0,70;;;
134,9;10,1;0,70;;;
135;9,6;0,71;;;
135,1;9,1;0,71;;;
135,2;8,6;0,72;;;
135,3;8,1;0,72;;;
135,4;7,6;0,73;;;
135,5;7,1;0,73;;;
135,6;6,6;0,74;;;
135,7;6,1;0,74;;;
135,8;5,6;0,75;;;
135,9;5,1;0,75;;;
136;4,6;0,76;;;
136,1;4,0;0,76;;;
136,2;3,5;0,77;;;
136,3;3,0;0,77;;;
136,4;2,5;0,78;;;
136,5;2,0;0,78;;;
136,6;1,5;0,79;;;
136,7;1,0;0,79;;;
136,8;0,5;0,80;;;
136,9;0,0;0,80;;;
137;0,0;0,80;;;
137,1;0,0;0,80;;;
137,2;0,0;0,80;;;
137,3;0,0;0,80;;;
137,4;0,0;0,80;;;
137,5;0,0;0,80;;;
137,6;0,0;0,80;;;
137,7;0,0;0,80;;;
137,8;0,0;0,80;;;
137,9;0,0;0,80;;;
138;0,0;0,80;;;
138,1;0,0;0,80;;;
138,2;0,0;0,80;;;
138,3;0,0;0,80;;;
138,4;0,0;0,80;;;
138,5;0,0;0,80;;;
138,6;0,0;0,80;;;
138,7;0,0;0,80;;;
138,8;0,0;0,80;;;
138,9;0,0;0,80;;;
139;0,0;0,80;;;
139,1;0,0;0,80;;;
139,2;0,0;0,80;;;
139,3;0,0;0,80;;;
139,4;0,0;0,80;;;
139,5;0,0;0,80;;;
139,6;0,0;0,80;;;
139,7;0,0;0,80;;;
139,8;0,0;0,80;;;
139,9;0,0;0,80;;;
140;0,0;0,80;;;
140,1;0,0;0,80;;;
140,2;0,0;0,80;;;
140,3;0,0;0,80;;;
140,4;0,0;0,80;;;
140,5;0,0;0,80;;;
140,6;0,0;0,80;;;
140,7;0,0;0,80;;;
140,8;0,0;0,80;;;
140,9;0,0;0,80;;;
141;0,0;0,80;;;
141,1;0,0;0,80;;;
141,2;0,0;0,80;;;
141,3;0,0;0,80;;;
141,4;0,0;0,80;;;
141,5;0,0;0,80;;;
141,6;0,0;0,80;;;
141,7;0,0;0,80;;;
141,8;0,0;0,80;;;
141,9;0,0;0,80;;;
142;0,0;0,80;;;
142,1;0,0;0,80;;;
142,2;0,0;0,80;;;
142,3;0,0;0,80;;;
142,4;0,0;0,80;;;
142,5;0,0;0,80;;;
142,6;0,0;0,80;;;
142,7;0,0;0,80;;;
142,8;0,0;0,80;;;
142,9;0,0;0,80;;;
143;0,0;0,80;;;
143,1;0,0;0,80;;;
143,2;0,0;0,80;;;
143,3;0,0;0,80;;;
143,4;0,0;0,70;;;
143,5;0,0;0,60;;;
143,6;0,0;0,50;;;
143,7;0,0;0,40;;;
143,8;0,0;0,30;;;
143,9;0,0;0,20;;;
144;0,0;0,10;;;
144,1;0,0;0,00;;;
144,2;0,0;0,00;;;
144,3;0,0;0,00;;;
144,4;0,0;0,00;;;
144,5;0,0;0,00;;;
144,6;0,0;0,00;;;
144,7;0,0;0,00;;;
144,8;0,0;0,00;;;
144,9;0,0;0,00;;;
145;0,0;0,00;;;
145,1;0,0;0,00;;;
145,2;0,0;0,00;;;
145,3;0,0;0,00;;;
145,4;0,0;0,00;;;
145,5;0,0;0,00;;;
145,6;0,0;0,00;;;
145,7;0,0;0,00;;;
145,8;0,0;0,00;;;
145,9;0,0;0,00;;;
146;0,0;0,00;;;
146,1;0,0;0,00;;;
146,2;0,0;0,00;;;
146,3;0,0;0,00;;;
146,4;0,0;0,00;;;
146,5;0,0;0,00;;;
146,6;0,0;0,00;;;
146,7;0,0;0,00;;;
146,8;0,0;0,00;;;
146,9;0,0;0,00;;;
147;0,0;0,00;;;
147,1;0,0;0,00;;;
147,2;0,0;0,00;;;
147,3;0,0;0,00;;;
147,4;0,0;0,00;;;
147,5;0,0;0,00;;;
147,6;0,0;0,00;;;
147,7;0,0;0,00;;;
147,8;0,0;0,00;;;
147,9;0,0;0,00;;;
148;0,0;0,00;;;
148,1;0,0;0,00;;;
148,2;0,0;0,00;;;
148,3;0,0;0,00;;;
148,4;0,0;0,00;;;
148,5;0,0;0,00;;;
148,6;0,0;0,00;;;
148,7;0,0;0,00;;;
148,8;0,0;0,00;;;
148,9;0,0;0,00;;;
149;0,0;0,00;;;
149,1;0,0;0,00;;;
149,2;0,0;0,00;;;
149,3;0,0;0,00;;;
149,4;0,0;0,00;;;
149,5;0,0;0,00;;;
149,6;0,0;0,00;;;
149,7;0,0;0,00;;;
149,8;0,0;0,00;;;
149,9;0,0;0,00;;;
150;0,0;0,00;;;
150,1;0,0;0,00;;;
150,2;0,0;0,00;;;
150,3;0,0;0,00;;;
150,4;0,0;0,00;;;
150,5;0,0;0,00;;;
150,6;0,0;0,00;;;
150,7;0,0;0,00;;;
150,8;0,0;0,00;;;
150,9;0,0;0,00;;;
151;0,0;0,00;;;
